transaction_id,from_account,to_account,amount_inr,timestamp,payment_mode,remarks
TXN_ALERT_001,ACC_SHELL_X1,ACC_ALERT_A1,150000,2025-08-10T10:00:00Z,NEFT,Invoice payment
TXN_ALERT_002,ACC_SHELL_X1,ACC_ALERT_A1,180000,2025-08-12T11:30:00Z,NEFT,Consulting
TXN_ALERT_003,ACC_ALERT_A1,ACC_ALERT_A1,42000,2025-08-15T09:10:00Z,Cash,Deposit split 1
TXN_ALERT_004,ACC_ALERT_A1,ACC_ALERT_A1,45000,2025-08-16T10:20:00Z,Cash,Deposit split 2
TXN_ALERT_005,ACC_ALERT_A1,ACC_ALERT_A1,47000,2025-08-17T14:40:00Z,Cash,Deposit split 3
TXN_ALERT_006,ACC_ALERT_A1,ACC_SHELL_X1,30000,2025-08-20T13:00:00Z,NEFT,Vendor payment